{"cameraMode":{"drawMode":0,"name":"Shaded","section":"Shading Mode"},"sceneLighting":true,"audioPlay":false,"sceneViewState":{"showFog":true,"showMaterialUpdate":false,"showSkybox":true,"showFlares":true,"showImageEffects":true,"showParticleSystems":true},"in2DMode":false,"pivot":{"x":304.0625305175781,"y":202.41372680664063,"z":190.64483642578126},"rotation":{"x":-0.08225469291210175,"y":0.10503944754600525,"z":-0.008718048222362996,"w":-0.9910221695899963},"size":848.1104736328125,"orthographic":false}